{"trainLoss": [1.3856568246364593, 1.1569233201026916, 1.1250556355953216, 1.0491734858989716, 1.0461247106552125, 1.0452587473392487, 1.0445927103996278, 1.0422507103443146, 1.042779679107666, 1.041787135219574], "trainAcc": [0.58238125, 0.685475, 0.70259375, 0.75286875, 0.753775, 0.753896875, 0.753734375, 0.754259375, 0.75415625, 0.7544], "valLoss": [1.2260041418075562, 1.1359925940036775, 1.0431970465183258, 1.041802253961563, 1.0413791122436524, 1.0419286673069, 1.0409472124576569, 1.0402080843448638, 1.040921975851059, 1.0404306690692902], "valAcc": [0.645828125, 0.691640625, 0.7543125, 0.754578125, 0.754203125, 0.75384375, 0.754328125, 0.754109375, 0.7540625, 0.754171875]}