{"train_loss": [2.8372791337628738, 2.712731498353025, 2.68806839158349, 2.6709469632899507, 2.6542350687879197, 2.6375578244527182, 2.6145929022038237, 2.5903080084645156, 2.5652224172091653, 2.535808935233042, 2.5030168083542628, 2.4731290661696845, 2.4346105629670705, 2.40102474740211, 2.360560606557427, 2.3247707955380705, 2.2874129883786467, 2.2538776583705387, 2.2146207288647375, 2.1840166419955858, 2.1546408250822244, 2.1250397702480885, 2.0961141129757497, 2.064128801332298, 2.0358477061521922, 2.0143196303793727, 1.987823559037337, 1.9574976347862405, 1.9370654271849503, 1.9143662114515372, 1.8925675694824111, 1.8722828761905643, 1.852443645186458, 1.8322181092931868, 1.8086562858405688, 1.7932655845128052, 1.7721818643258818, 1.7548734812026328, 1.7376971794358382, 1.725831518781946, 1.7018346313043689, 1.6885461798796417, 1.6759375629695594, 1.6610075768004073, 1.6396134964963223, 1.6315779026518478, 1.6154613384963772, 1.6018046876217455, 1.5870667129543656, 1.5725106812537986, 1.568115162511244, 1.5458659246458228, 1.5425612368482224, 1.5218611127095865, 1.51347882443286, 1.4985039656889354, 1.491110808460425, 1.4810606215862518, 1.4641998566634267, 1.4561514008975198, 1.4477536128767838, 1.4419018080893984, 1.4304281168795647, 1.4199487545811538, 1.4039658806848188, 1.3993759907729237, 1.395816484241621, 1.38218414529841, 1.3721631926002231, 1.3737948634100299, 1.37185463837698, 1.3596044296913958, 1.3429252966075924, 1.3401053552086473, 1.3387223414495482, 1.3286676829588329, 1.3215872801787465, 1.3176725418009656, 1.312094272451198, 1.3085213172520307, 1.3079694509506226, 1.303337885978374, 1.295500285236548, 1.291864315668742, 1.2926456869071257, 1.2858557929383947, 1.2925686996879306, 1.2814208742574598, 1.2775718548619155, 1.2741871455037002, 1.2678588366677574, 1.2692629411710914, 1.279608447501, 1.2675863648137302, 1.2692401561331241, 1.2705530883572627, 1.267070418553995, 1.274722416350182, 1.273855559369351, 1.2674287033419238], "train_acc": [0.1464131654257585, 0.14981892191194518, 0.1534436816771977, 0.15463231334297453, 0.15703820784826286, 0.15694163776202685, 0.15978878911004402, 0.16092600318018851, 0.16374947853372754, 0.1649209468351692, 0.1698132660549346, 0.17304089391747984, 0.17356635192306535, 0.17817660335344268, 0.18234402303959474, 0.18460877510392526, 0.18753732468707585, 0.19234970676723848, 0.19347591714800247, 0.19963303653066108, 0.20276265809191268, 0.20299547111855512, 0.20525517082932787, 0.2085669092826365, 0.2102438701206401, 0.2129965636979665, 0.21599284155285098, 0.22195876604478754, 0.2227464869880585, 0.22309687482995666, 0.22737413435855433, 0.22843273315677518, 0.23098058482085995, 0.2322532592964885, 0.23528982643849358, 0.23645284346249248, 0.23801232171899467, 0.24075437262357413, 0.24343117870722433, 0.24509403978348626, 0.24601720687549503, 0.2472397739619183, 0.24700172187258143, 0.25030453253498336, 0.2520450546859413, 0.25386202598282737, 0.25482478645377443, 0.25801368821292775, 0.25951525761371524, 0.26220400895214746, 0.26176730038022816, 0.2615478059018444, 0.26287683342654566, 0.263326449372961, 0.2673380040328685, 0.2666458662090566, 0.26861106922032874, 0.2717798374516695, 0.27013001037923196, 0.27227005882600364, 0.2768174312541509, 0.2778654512883944, 0.2772868691892023, 0.27590379489022676, 0.2791343454770457, 0.28107127911842655, 0.2797825340091977, 0.27882386067493814, 0.283031170195425, 0.28256919501373334, 0.282639487436035, 0.28373835597491087, 0.28620117629316844, 0.2851515752885072, 0.2884096381158005, 0.2882086044502444, 0.29018943739339975, 0.28950461391951104, 0.2894994798150186, 0.2903906311215049, 0.2946651449217868, 0.29083452103892665, 0.2960108214161675, 0.2919049594977358, 0.2967845090105759, 0.2902172030552951, 0.29325938411904373, 0.29271119170424453, 0.2940931453925327, 0.2954596138893744, 0.29413847104636304, 0.2947008526465693, 0.29579651518919015, 0.29507062172392834, 0.29737941741920226, 0.29439463096934815, 0.2957985220931986, 0.29584822157328644, 0.294020162960917, 0.2983277754493382], "val_loss": [2.731825721674952, 2.7229803841689537, 2.72815674748914, 2.7354802180980813, 2.7371659443296235, 2.7485606259313125, 2.765187929416525, 2.785885210694938, 2.8048545409893166, 2.8244529757006416, 2.859966072542914, 2.8802710401600806, 2.9171426460660737, 2.938898020777209, 2.9730185804695917, 3.00813339496481, 3.0384420773078658, 3.0662112153809646, 3.1044285544033707, 3.1397696856794686, 3.1694212206478776, 3.1896287490581643, 3.223935135479631, 3.2570582176076956, 3.279492526218809, 3.314327256432895, 3.335328422743699, 3.3565882814341577, 3.3879850650655814, 3.416837420956842, 3.445248710698095, 3.4634423749200227, 3.4855828285217285, 3.5146473851697198, 3.5290656336422623, 3.5521387478400923, 3.5951307724262107, 3.610884797984156, 3.624512631317665, 3.627124202662501, 3.673006304379167, 3.686786043232885, 3.694215675880169, 3.7020876572049897, 3.736803252121498, 3.7610393639268547, 3.7851452251960493, 3.792312474086367, 3.8124067783355713, 3.838502522172599, 3.859565315575435, 3.863430976867676, 3.8817443765442947, 3.9009886445670294, 3.9037850560813117, 3.9239656678561508, 3.9461511085773338, 3.962016146758507, 3.9770140072395064, 3.985957351224176, 3.999453939240554, 4.005114168956362, 4.015477394235545, 4.0283250068796095, 4.0495385794804015, 4.056813281157921, 4.071236618633928, 4.082245547195961, 4.093513085924346, 4.107359886169434, 4.1109840869903564, 4.121717592765545, 4.125821335562344, 4.140074096876999, 4.144886863642726, 4.145364152974095, 4.151017558985743, 4.161113919882939, 4.162651719718144, 4.168157330874739, 4.175449256239267, 4.183906357863854, 4.187273814760405, 4.1859227213366275, 4.192894212130843, 4.19554120096667, 4.195719554506499, 4.199252720536856, 4.202920108005919, 4.204218239619814, 4.206397221006196, 4.210526877436145, 4.210173985053753, 4.211071852979989, 4.211198527237465, 4.212205245577056, 4.212377745529701, 4.212077157250766, 4.2121637771869525, 4.212156723285544],