{"trainLoss": [2.017494884252548, 1.7405567696094513, 1.7283770349025727, 1.7238000917434693, 1.720778733253479, 1.7181993939876556, 1.718242213010788, 1.716316091299057, 1.7154664249420166, 1.715448870420456], "trainAcc": [0.2240625, 0.250625, 0.2488125, 0.2519375, 0.2481875, 0.2456875, 0.249375, 0.2495625, 0.25075, 0.246625], "valLoss": [1.7719540876500748, 1.756809632918414, 1.7359182834625244, 1.7248057351392858, 1.7277616136214313, 1.7220028947381412, 1.71802257790285, 1.7118789827122407, 1.7410964334712309, 1.7164200866923613], "valAcc": [0.23777777777777778, 0.23777777777777778, 0.2374074074074074, 0.23777777777777778, 0.23777777777777778, 0.24592592592592594, 0.23666666666666666, 0.24037037037037037, 0.25222222222222224, 0.2462962962962963], "switch_points": [64, 128, 192, 256, 320, 384, 448, 512, 576, 640, 704, 768, 832, 896, 960, 1024, 1088, 1152, 1216, 1280, 1344, 1408, 1472, 1536, 1600, 1664, 1728, 1792, 1856, 1920, 1984, 2048, 2112, 2176, 2240, 2304, 2368, 2432, 2496, 2560, 2624, 2688, 2752, 2816, 2880, 2944, 3008, 3072, 3136, 3200, 3264, 3328, 3392, 3456, 3520, 3584, 3648, 3712, 3776, 3840, 3904, 3968, 4032, 4096, 4160, 4224, 4288, 4352, 4416, 4480, 4544, 4608, 4672, 4736, 4800, 4864, 4928, 4992, 5056, 5120, 5184, 5248, 5312, 5376, 5440, 5504, 5568, 5632, 5696, 5760, 5824, 5888, 5952, 6016, 6080, 6144, 6208, 6272, 6336, 6400, 6464, 6528, 6592, 6656, 6720, 6784, 6848, 6912, 6976, 7040, 7104, 7168, 7232, 7296, 7360, 7424, 7488, 7552, 7616, 7680, 7744, 7808, 7872, 7936, 8000, 8064, 8128, 8192, 8256, 8320, 8384, 8448, 8512, 8576, 8640, 8704, 8768, 8832, 8896, 8960, 9024, 9088, 9152, 9216, 9280, 9344, 9408, 9472, 9536, 9600, 9664, 9728, 9792, 9856, 9920, 9984]}